n,ms,bfs mean,dfs mean
2,100.0,0.30000000000000004,0.30000000000000004
3,100.0,0.64468085106383,0.697872340425532
4,100.0,1.3745454545454547,1.2399999999999998
5,100.0,2.826984126984127,1.9587301587301589
6,100.0,4.667346938775511,2.8510204081632655
7,100.0,7.06875,3.625
8,100.0,14.966666666666667,5.808333333333333
9,100.0,19.407894736842106,6.373684210526315
10,100.0,27.723076923076924,10.330769230769231
